axis,x_name,x,repeated_default,bh_q_unique_family,bh_family_size,champion,baseline,n_seeds,n_jointly_feasible,mean_delta_Mbps,std_delta_Mbps,sem_delta_Mbps,ci95_lo_Mbps,ci95_hi_Mbps,wins,ties,losses,win_rate,wilcoxon_W_plus,wilcoxon_n_nonzero,wilcoxon_method,wilcoxon_p_two_sided,wilcoxon_p_greater,t_stat,t_df,t_p_two_sided,t_p_greater,champion_mean_Mbps,baseline_mean_Mbps,quote
uavs,num_uav,1.0,False,1.5894571940104168e-05,25,sca,random,20,20,0.2580388757730482,0.22969592700825722,0.051361570694529304,0.15053787283720577,0.3655398787088906,20,0,0,1.0,210.0,20,exact,1.9073486328125e-06,9.5367431640625e-07,5.023967769749938,19,7.535886733780198e-05,3.767943366890099e-05,8.758115917432095,8.500077041659045,"SCA wins by 0.258+/-0.230 Mbps vs random, p<0.001, 20/20 seeds"
uavs,num_uav,1.0,False,1.9073486328125e-06,25,sca,kmeans,20,20,0.1927869935995326,0.12461076206611246,0.02786381347078796,0.1344673617576273,0.2511066254414379,20,0,0,1.0,210.0,20,exact,1.9073486328125e-06,9.5367431640625e-07,6.918901958687308,19,1.3487648373929707e-06,6.743824186964854e-07,8.758115917432095,8.565328923832563,"SCA wins by 0.193+/-0.125 Mbps vs kmeans, p<0.001, 20/20 seeds"
uavs,num_uav,1.0,False,9.5367431640625e-06,25,sca,pso,20,20,0.16089818597297106,0.10180783207100814,0.02276492331526574,0.11325065387735944,0.20854571806858269,20,0,0,1.0,210.0,20,exact,1.9073486328125e-06,9.5367431640625e-07,7.067811463484074,19,1.0025928322696229e-06,5.012964161348114e-07,8.758115917432095,8.597217731459125,"SCA wins by 0.161+/-0.102 Mbps vs pso, p<0.001, 20/20 seeds"
uavs,num_uav,2.0,False,0.0038407065651633525,25,sca,random,20,20,0.08817694720005234,0.10336661092618141,0.02311347686347141,0.03979988414379689,0.13655401025630778,15,0,5,0.75,185.0,20,exact,0.001689910888671875,0.0008449554443359375,3.814958161461523,19,0.0011691639697490833,0.0005845819848745417,8.885710543045438,8.797533595845385,"SCA wins by 0.088+/-0.103 Mbps vs random, p=0.00169, 15/20 seeds"
uavs,num_uav,2.0,False,1.9073486328125e-06,25,sca,kmeans,20,20,0.0955699178423278,0.08206452657986889,0.018350185997392514,0.05716253714691884,0.13397729853773677,20,0,0,1.0,210.0,20,exact,1.9073486328125e-06,9.5367431640625e-07,5.208117119679762,19,5.0051529608354356e-05,2.5025764804177178e-05,8.885710543045438,8.790140625203112,"SCA wins by 0.096+/-0.082 Mbps vs kmeans, p<0.001, 20/20 seeds"
uavs,num_uav,2.0,False,0.007599592208862305,25,sca,pso,20,20,0.03801081355636589,0.05489893197710881,0.012275774379295222,0.01231732249401183,0.06370430461871995,17,0,3,0.85,175.0,20,exact,0.0072956085205078125,0.0036478042602539062,3.0964086160198856,19,0.005942494773448484,0.002971247386724242,8.885710543045438,8.84769972948907,"SCA wins by 0.038+/-0.055 Mbps vs pso, p=0.0073, 17/20 seeds"
uavs,num_uav,3.0,False,0.13272666931152344,25,sca,random,20,20,0.018778429973196075,0.042308832436695115,0.009460542537709834,-0.0010227131259835827,0.038579573072375736,15,0,5,0.75,147.0,20,exact,0.1230926513671875,0.06154632568359375,1.9849210442577718,19,0.061782588798032285,0.030891294399016143,8.946425328822471,8.927646898849275,"SCA wins by 0.019+/-0.042 Mbps vs random, p=0.123 (n.s.), 15/20 seeds"
uavs,num_uav,3.0,False,1.9073486328125e-06,25,sca,kmeans,20,20,0.04558627080300006,0.019470739405162592,0.004353789688212737,0.03647368425773598,0.05469885734826414,20,0,0,1.0,210.0,20,exact,1.9073486328125e-06,9.5367431640625e-07,10.470480677194484,19,2.4969754528046605e-09,1.2484877264023302e-09,8.946425328822471,8.900839058019471,"SCA wins by 0.046+/-0.019 Mbps vs kmeans, p<0.001, 20/20 seeds"
uavs,num_uav,3.0,False,2.384185791015625e-05,25,sca,pso,20,20,0.04187293596548365,0.026026157910099598,0.005819625828012656,0.029692319119797323,0.05405355281116998,19,0,1,0.95,206.0,20,exact,1.33514404296875e-05,6.67572021484375e-06,7.195125116795153,19,7.798785260431058e-07,3.899392630215529e-07,8.946425328822471,8.904552392856989,"SCA wins by 0.042+/-0.026 Mbps vs pso, p<0.001, 19/20 seeds"
uavs,num_uav,4.0,False,0.016849381583077565,25,sca,random,20,20,0.00426925060472696,0.006449010942531183,0.0014420426855139715,0.0012510205764626695,0.00728748063299125,15,0,5,0.75,173.0,20,exact,0.009435653686523438,0.004717826843261719,2.9605577196942114,19,0.008032532952562036,0.004016266476281018,8.970568487409306,8.966299236804579,"SCA wins by 0.004+/-0.006 Mbps vs random, p=0.00944, 15/20 seeds"
uavs,num_uav,4.0,False,1.9073486328125e-06,25,sca,kmeans,20,20,0.031449863582414306,0.02744012256116816,0.006135797935769764,0.018607490909859376,0.04429223625496924,20,0,0,1.0,210.0,20,exact,1.9073486328125e-06,9.5367431640625e-07,5.12563547751003,19,6.0095840725267134e-05,3.0047920362633567e-05,8.970568487409306,8.939118623826891,"SCA wins by 0.031+/-0.027 Mbps vs kmeans, p<0.001, 20/20 seeds"
uavs,num_uav,4.0,False,9.5367431640625e-06,25,sca,pso,20,20,0.02832026499903506,0.015261684879641533,0.003412616484205916,0.021177576609121784,0.03546295338894834,20,0,0,1.0,210.0,20,exact,1.9073486328125e-06,9.5367431640625e-07,8.298695481928705,19,9.681946524218316e-08,4.840973262109158e-08,8.970568487409306,8.94224822241027,"SCA wins by 0.028+/-0.015 Mbps vs pso, p<0.001, 20/20 seeds"
uavs,num_uav,5.0,False,0.12457635667588976,25,sca,random,20,20,0.0023518986186514823,0.007292681496587921,0.001630693156462549,-0.0010611813831836359,0.0057649786204866,13,0,7,0.65,151.0,20,exact,0.08969497680664062,0.04484748840332031,1.442269264043175,19,0.16550877725548552,0.08275438862774276,8.977164387769566,8.974812489150914,"SCA wins by 0.002+/-0.007 Mbps vs random, p=0.0897 (n.s.), 13/20 seeds"
uavs,num_uav,5.0,False,1.9073486328125e-06,25,sca,kmeans,20,20,0.013573686983779698,0.00948429158505198,0.0021207520702605453,0.009134901887288167,0.01801247208027123,20,0,0,1.0,210.0,20,exact,1.9073486328125e-06,9.5367431640625e-07,6.400411992577756,19,3.877473298481736e-06,1.938736649240868e-06,8.977164387769566,8.963590700785787,"SCA wins by 0.014+/-0.009 Mbps vs kmeans, p<0.001, 20/20 seeds"
uavs,num_uav,5.0,False,9.5367431640625e-06,25,sca,pso,20,20,0.01463583251665348,0.009022921478164891,0.002017586578081958,0.010412975276876605,0.018858689756430354,20,0,0,1.0,210.0,20,exact,1.9073486328125e-06,9.5367431640625e-07,7.254128608729744,19,6.946861852520467e-07,3.4734309262602334e-07,8.977164387769566,8.962528555252913,"SCA wins by 0.015+/-0.009 Mbps vs pso, p<0.001, 20/20 seeds"
iots,num_iot,10.0,True,,,sca,random,20,20,0.018778429973196075,0.042308832436695115,0.009460542537709834,-0.0010227131259835827,0.038579573072375736,15,0,5,0.75,147.0,20,exact,0.1230926513671875,0.06154632568359375,1.9849210442577718,19,0.061782588798032285,0.030891294399016143,8.946425328822471,8.927646898849275,"SCA wins by 0.019+/-0.042 Mbps vs random, p=0.123 (n.s.), 15/20 seeds"
iots,num_iot,10.0,True,,,sca,kmeans,20,20,0.04558627080300006,0.019470739405162592,0.004353789688212737,0.03647368425773598,0.05469885734826414,20,0,0,1.0,210.0,20,exact,1.9073486328125e-06,9.5367431640625e-07,10.470480677194484,19,2.4969754528046605e-09,1.2484877264023302e-09,8.946425328822471,8.900839058019471,"SCA wins by 0.046+/-0.019 Mbps vs kmeans, p<0.001, 20/20 seeds"
iots,num_iot,10.0,True,,,sca,pso,20,20,0.04187293596548365,0.026026157910099598,0.005819625828012656,0.029692319119797323,0.05405355281116998,19,0,1,0.95,206.0,20,exact,1.33514404296875e-05,6.67572021484375e-06,7.195125116795153,19,7.798785260431058e-07,3.899392630215529e-07,8.946425328822471,8.904552392856989,"SCA wins by 0.042+/-0.026 Mbps vs pso, p<0.001, 19/20 seeds"
iots,num_iot,16.0,False,0.0004172325134277344,25,sca,random,20,20,0.030398506257206838,0.0386877602651607,0.008650846185011461,0.012292077100991547,0.04850493541342213,16,0,4,0.8,198.0,20,exact,0.000133514404296875,6.67572021484375e-05,3.513934429891446,19,0.002320772051346837,0.0011603860256734185,8.941696952020779,8.911298445763569,"SCA wins by 0.030+/-0.039 Mbps vs random, p<0.001, 16/20 seeds"
iots,num_iot,16.0,False,1.9073486328125e-06,25,sca,kmeans,20,20,0.04919565084637645,0.0258092143251667,0.00577111576769341,0.0371165667238191,0.0612747349689338,20,0,0,1.0,210.0,20,exact,1.9073486328125e-06,9.5367431640625e-07,8.524460923444424,19,6.444466859686237e-08,3.2222334298431184e-08,8.941696952020779,8.892501301174402,"SCA wins by 0.049+/-0.026 Mbps vs kmeans, p<0.001, 20/20 seeds"
iots,num_iot,16.0,False,9.5367431640625e-06,25,sca,pso,20,20,0.0427161110473099,0.026896003498164553,0.0060141292144968075,0.03012839393504837,0.05530382815957143,20,0,0,1.0,210.0,20,exact,1.9073486328125e-06,9.5367431640625e-07,7.10262608664019,19,9.358292738783813e-07,4.6791463693919066e-07,8.941696952020779,8.898980840973467,"SCA wins by 0.043+/-0.027 Mbps vs pso, p<0.001, 20/20 seeds"
iots,num_iot,20.0,False,3.9736429850260414e-05,25,sca,random,20,20,0.036531762569849933,0.04191651360520549,0.009372817380103426,0.016914230335717248,0.05614929480398262,19,0,1,0.95,207.0,20,exact,9.5367431640625e-06,4.76837158203125e-06,3.897628758605645,19,0.0009680383474128569,0.00048401917370642845,8.934087419488245,8.897555656918396,"SCA wins by 0.037+/-0.042 Mbps vs random, p<0.001, 19/20 seeds"
iots,num_iot,20.0,False,1.9073486328125e-06,25,sca,kmeans,20,20,0.03582556198459619,0.02225801598463692,0.004977043678592506,0.025408489845461284,0.04624263412373109,20,0,0,1.0,210.0,20,exact,1.9073486328125e-06,9.5367431640625e-07,7.198161056671207,19,7.752415324501503e-07,3.8762076622507513e-07,8.934087419488245,8.898261857503652,"SCA wins by 0.036+/-0.022 Mbps vs kmeans, p<0.001, 20/20 seeds"
iots,num_iot,20.0,False,0.0045880027439283285,25,sca,pso,20,20,0.02165499233387873,0.027839861862799593,0.006225182360942381,0.008625535909348055,0.03468444875840941,17,0,3,0.85,179.0,20,exact,0.0042209625244140625,0.0021104812622070312,3.4786117222436763,19,0.0025144380434063726,0.0012572190217031863,8.934087419488245,8.912432427154368,"SCA wins by 0.022+/-0.028 Mbps vs pso, p=0.00422, 17/20 seeds"
iots,num_iot,24.0,False,2.384185791015625e-05,25,sca,random,20,20,0.04410587324622526,0.04138683060464964,0.009254376660526533,0.02473624028718844,0.06347550620526207,19,0,1,0.95,209.0,20,exact,3.814697265625e-06,1.9073486328125e-06,4.765947493184898,19,0.00013438121861954923,6.719060930977462e-05,8.925051981219816,8.880946107973589,"SCA wins by 0.044+/-0.041 Mbps vs random, p<0.001, 19/20 seeds"
iots,num_iot,24.0,False,1.9073486328125e-06,25,sca,kmeans,20,20,0.0337988684426862,0.017929972559848167,0.004009263747852642,0.02540738297796344,0.04219035390740897,20,0,0,1.0,210.0,20,exact,1.9073486328125e-06,9.5367431640625e-07,8.430193314368218,19,7.632250193996667e-08,3.8161250969983333e-08,8.925051981219816,8.891253112777132,"SCA wins by 0.034+/-0.018 Mbps vs kmeans, p<0.001, 20/20 seeds"
iots,num_iot,24.0,False,1.5894571940104168e-05,25,sca,pso,20,20,0.026174449516769283,0.020227269300759368,0.0045229549155692585,0.01670779608147855,0.035641102952060015,19,0,1,0.95,209.0,20,exact,3.814697265625e-06,1.9073486328125e-06,5.7870241922309695,19,1.4151454251908011e-05,7.0757271259540055e-06,8.925051981219816,8.898877531703047,"SCA wins by 0.026+/-0.020 Mbps vs pso, p<0.001, 19/20 seeds"
iots,num_iot,28.0,False,1.5894571940104168e-05,25,sca,random,20,20,0.060441910363458626,0.05003906547985625,0.011189075194352171,0.037022906835096264,0.08386091389182099,20,0,0,1.0,210.0,20,exact,1.9073486328125e-06,9.5367431640625e-07,5.401868278976931,19,3.266020353839792e-05,1.633010176919896e-05,8.918979801278704,8.858537890915247,"SCA wins by 0.060+/-0.050 Mbps vs random, p<0.001, 20/20 seeds"
iots,num_iot,28.0,False,1.9073486328125e-06,25,sca,kmeans,20,20,0.02505201006741311,0.01759161302790751,0.00393360425642721,0.016818881738188074,0.033285138396638145,20,0,0,1.0,210.0,20,exact,1.9073486328125e-06,9.5367431640625e-07,6.368716432640634,19,4.140832637838064e-06,2.070416318919032e-06,8.918979801278704,8.893927791211294,"SCA wins by 0.025+/-0.018 Mbps vs kmeans, p<0.001, 20/20 seeds"
iots,num_iot,28.0,False,0.0004486604170365767,25,sca,pso,20,20,0.019871710911991337,0.021358728494643316,0.004775956882698421,0.009875518273686646,0.02986790355029603,18,0,2,0.9,193.0,20,exact,0.0003948211669921875,0.00019741058349609375,4.160781053945319,19,0.0005307497033801225,0.0002653748516900613,8.918979801278704,8.899108090366713,"SCA wins by 0.020+/-0.021 Mbps vs pso, p<0.001, 18/20 seeds"
iots,num_iot,32.0,False,3.9736429850260414e-05,25,sca,random,20,20,0.06839024204391748,0.06697546612463802,0.014976169507942502,0.03704475902089766,0.09973572506693731,19,0,1,0.95,207.0,20,exact,9.5367431640625e-06,4.76837158203125e-06,4.566604431637023,19,0.0002108180455577982,0.0001054090227788991,8.906371970778956,8.837981728735038,"SCA wins by 0.068+/-0.067 Mbps vs random, p<0.001, 19/20 seeds"
iots,num_iot,32.0,False,1.9073486328125e-06,25,sca,kmeans,20,20,0.02327502680640974,0.01147002578348204,0.0025647757355541125,0.017906889497732233,0.028643164115087244,20,0,0,1.0,210.0,20,exact,1.9073486328125e-06,9.5367431640625e-07,9.074877964478729,19,2.454515291195296e-08,1.227257645597648e-08,8.906371970778956,8.883096943972548,"SCA wins by 0.023+/-0.011 Mbps vs kmeans, p<0.001, 20/20 seeds"
iots,num_iot,32.0,False,0.0003837403796968006,25,sca,pso,20,20,0.015890553104335847,0.015648521933216187,0.0034991158790067815,0.008566819400412599,0.023214286808259096,18,0,2,0.9,194.0,20,exact,0.0003223419189453125,0.00016117095947265625,4.541305190740455,19,0.00022325796886548427,0.00011162898443274213,8.906371970778956,8.890481417674621,"SCA wins by 0.016+/-0.016 Mbps vs pso, p<0.001, 18/20 seeds"
lambda,lambda_i_per_s,1.0,False,0.00879367192586263,25,sca,random,20,20,0.025431804566809203,0.04292452515509793,0.009598215614869867,0.005342508405489187,0.04552110072812922,16,0,4,0.8,179.0,20,exact,0.0042209625244140625,0.0021104812622070312,2.64963880655165,19,0.015813131972960904,0.007906565986480452,8.943848059848213,8.918416255281405,"SCA wins by 0.025+/-0.043 Mbps vs random, p=0.00422, 16/20 seeds"
lambda,lambda_i_per_s,1.0,False,1.9073486328125e-06,25,sca,kmeans,20,20,0.04631517900454698,0.021628848723535477,0.004836357602088488,0.03619256620765531,0.056437791801438646,20,0,0,1.0,210.0,20,exact,1.9073486328125e-06,9.5367431640625e-07,9.576458735091602,19,1.0519166628948775e-08,5.259583314474388e-09,8.943848059848213,8.897532880843666,"SCA wins by 0.046+/-0.022 Mbps vs kmeans, p<0.001, 20/20 seeds"
lambda,lambda_i_per_s,1.0,False,3.708733452690972e-05,25,sca,pso,20,20,0.04175783395804826,0.028337318393932553,0.006336417022888835,0.02849556071037968,0.055020107205716845,19,0,1,0.95,204.0,20,exact,2.6702880859375e-05,1.33514404296875e-05,6.590133478779534,19,2.6237814524519626e-06,1.3118907262259813e-06,8.943848059848213,8.902090225890166,"SCA wins by 0.042+/-0.028 Mbps vs pso, p<0.001, 19/20 seeds"
lambda,lambda_i_per_s,1.5,False,0.056615471839904785,25,sca,random,20,20,0.021743696055382067,0.04153270599297055,0.009286995388979504,0.0023057913130689646,0.04118160079769517,16,0,4,0.8,161.0,20,exact,0.03623390197753906,0.01811695098876953,2.3413057877884182,19,0.03026990320972228,0.01513495160486114,8.946853525974712,8.925109829919327,"SCA wins by 0.022+/-0.042 Mbps vs random, p=0.0362, 16/20 seeds"
lambda,lambda_i_per_s,1.5,False,1.9073486328125e-06,25,sca,kmeans,20,20,0.04692337050231501,0.021716338390032012,0.0048559208862499915,0.036759811281090085,0.05708692972353993,20,0,0,1.0,210.0,20,exact,1.9073486328125e-06,9.5367431640625e-07,9.6631249976051,19,9.114048101389839e-09,4.5570240506949195e-09,8.946853525974712,8.899930155472394,"SCA wins by 0.047+/-0.022 Mbps vs kmeans, p<0.001, 20/20 seeds"
lambda,lambda_i_per_s,1.5,False,2.8049244600183822e-05,25,sca,pso,20,20,0.04297758424186027,0.02734217404856906,0.006113895982523105,0.03018105288428912,0.05577411559943141,19,0,1,0.95,205.0,20,exact,1.9073486328125e-05,9.5367431640625e-06,7.02949221980779,19,1.0818015336167195e-06,5.409007668083598e-07,8.946853525974712,8.90387594173285,"SCA wins by 0.043+/-0.027 Mbps vs pso, p<0.001, 19/20 seeds"
lambda,lambda_i_per_s,2.0,True,,,sca,random,20,20,0.018778429973196075,0.042308832436695115,0.009460542537709834,-0.0010227131259835827,0.038579573072375736,15,0,5,0.75,147.0,20,exact,0.1230926513671875,0.06154632568359375,1.9849210442577718,19,0.061782588798032285,0.030891294399016143,8.946425328822471,8.927646898849275,"SCA wins by 0.019+/-0.042 Mbps vs random, p=0.123 (n.s.), 15/20 seeds"
lambda,lambda_i_per_s,2.0,True,,,sca,kmeans,20,20,0.04558627080300006,0.019470739405162592,0.004353789688212737,0.03647368425773598,0.05469885734826414,20,0,0,1.0,210.0,20,exact,1.9073486328125e-06,9.5367431640625e-07,10.470480677194484,19,2.4969754528046605e-09,1.2484877264023302e-09,8.946425328822471,8.900839058019471,"SCA wins by 0.046+/-0.019 Mbps vs kmeans, p<0.001, 20/20 seeds"
lambda,lambda_i_per_s,2.0,True,,,sca,pso,20,20,0.04187293596548365,0.026026157910099598,0.005819625828012656,0.029692319119797323,0.05405355281116998,19,0,1,0.95,206.0,20,exact,1.33514404296875e-05,6.67572021484375e-06,7.195125116795153,19,7.798785260431058e-07,3.899392630215529e-07,8.946425328822471,8.904552392856989,"SCA wins by 0.042+/-0.026 Mbps vs pso, p<0.001, 19/20 seeds"
lambda,lambda_i_per_s,2.5,False,0.13272666931152344,25,sca,random,20,20,0.01827804849122101,0.04187024283943254,0.009362470922339496,-0.0013178283579338493,0.03787392534037587,15,0,5,0.75,146.0,20,exact,0.13272666931152344,0.06636333465576172,1.9522675843626212,19,0.0658010469613399,0.03290052348066995,8.94726018057466,8.928982132083439,"SCA wins by 0.018+/-0.042 Mbps vs random, p=0.133 (n.s.), 15/20 seeds"
lambda,lambda_i_per_s,2.5,False,1.9073486328125e-06,25,sca,kmeans,20,20,0.04594271908032814,0.0196158091999329,0.004386228280471573,0.03676223778117517,0.05512320037948111,20,0,0,1.0,210.0,20,exact,1.9073486328125e-06,9.5367431640625e-07,10.474310989438228,19,2.4821095963651745e-09,1.2410547981825873e-09,8.94726018057466,8.901317461494331,"SCA wins by 0.046+/-0.020 Mbps vs kmeans, p<0.001, 20/20 seeds"
lambda,lambda_i_per_s,2.5,False,2.384185791015625e-05,25,sca,pso,20,20,0.04235186375686704,0.026244762415797603,0.005868507281505504,0.030068936853205736,0.05463479066052834,19,0,1,0.95,207.0,20,exact,9.5367431640625e-06,4.76837158203125e-06,7.216803477493873,19,7.473864773678757e-07,3.7369323868393786e-07,8.94726018057466,8.904908316817794,"SCA wins by 0.042+/-0.026 Mbps vs pso, p<0.001, 19/20 seeds"
lambda,lambda_i_per_s,3.0,False,0.13272666931152344,25,sca,random,20,20,0.017965980590532383,0.041613494659776776,0.009305060284058536,-0.0015097344117214924,0.03744169559278626,15,0,5,0.75,146.0,20,exact,0.13272666931152344,0.06636333465576172,1.9307753031231585,19,0.06857136876689898,0.03428568438344949,8.947772009825865,8.929806029235333,"SCA wins by 0.018+/-0.042 Mbps vs random, p=0.133 (n.s.), 15/20 seeds"
lambda,lambda_i_per_s,3.0,False,1.9073486328125e-06,25,sca,kmeans,20,20,0.04615933284043052,0.019704832379084835,0.004406134468487259,0.03693718741092914,0.0553814782699319,20,0,0,1.0,210.0,20,exact,1.9073486328125e-06,9.5367431640625e-07,10.47615164052817,19,2.474998732654351e-09,1.2374993663271756e-09,8.947772009825865,8.901612676985435,"SCA wins by 0.046+/-0.020 Mbps vs kmeans, p<0.001, 20/20 seeds"
lambda,lambda_i_per_s,3.0,False,2.384185791015625e-05,25,sca,pso,20,20,0.04264410162342554,0.02637566363545361,0.00589777768405435,0.030299911063147285,0.05498829218370379,19,0,1,0.95,207.0,20,exact,9.5367431640625e-06,4.76837158203125e-06,7.230537315558902,19,7.275298895704761e-07,3.6376494478523804e-07,8.947772009825865,8.90512790820244,"SCA wins by 0.043+/-0.026 Mbps vs pso, p<0.001, 19/20 seeds"
lambda,lambda_i_per_s,3.5,False,0.13272666931152344,25,sca,random,20,20,0.01775265208158041,0.04144534966676854,0.009267461920614272,-0.0016443686415782352,0.037149672804739055,15,0,5,0.75,146.0,20,exact,0.13272666931152344,0.06636333465576172,1.91558942822219,19,0.07059074428011111,0.035295372140055556,8.948117780528722,8.930365128447143,"SCA wins by 0.018+/-0.041 Mbps vs random, p=0.133 (n.s.), 15/20 seeds"
lambda,lambda_i_per_s,3.5,False,1.9073486328125e-06,25,sca,kmeans,20,20,0.04630476084552084,0.019765379857283005,0.004419673296198989,0.03705427832395032,0.05555524336709136,20,0,0,1.0,210.0,20,exact,1.9073486328125e-06,9.5367431640625e-07,10.476964640201777,19,2.471864701139429e-09,1.2359323505697145e-09,8.948117780528722,8.901813019683201,"SCA wins by 0.046+/-0.020 Mbps vs kmeans, p<0.001, 20/20 seeds"
lambda,lambda_i_per_s,3.5,False,2.384185791015625e-05,25,sca,pso,20,20,0.042840869590554484,0.026462714143497237,0.005917242769400494,0.030455938138425644,0.05522580104268332,19,0,1,0.95,207.0,20,exact,9.5367431640625e-06,4.76837158203125e-06,7.240005397800318,19,7.141594688810698e-07,3.570797344405349e-07,8.948117780528722,8.905276910938168,"SCA wins by 0.043+/-0.026 Mbps vs pso, p<0.001, 19/20 seeds"
aodt,aodt_threshold_s,0.8,False,1.5894571940104168e-05,25,sca,random,20,0,0.4771217315994957,0.2755304432291133,0.061610480093094395,0.3481695147610052,0.6060739484379862,20,0,0,1.0,210.0,20,exact,1.9073486328125e-06,9.5367431640625e-07,7.7441651303245385,19,2.706637400139088e-07,1.353318700069544e-07,8.909008909783008,8.431887178183512,"SCA wins by 0.477+/-0.276 Mbps vs random, p<0.001, 20/20 seeds"
aodt,aodt_threshold_s,0.8,False,1.9073486328125e-06,25,sca,kmeans,20,0,0.2174924876655447,0.08151805322854232,0.018227990841246683,0.17934086437128113,0.2556441109598082,20,0,0,1.0,210.0,20,exact,1.9073486328125e-06,9.5367431640625e-07,11.931786095338499,19,2.852583958078767e-10,1.4262919790393834e-10,8.909008909783008,8.691516422117463,"SCA wins by 0.217+/-0.082 Mbps vs kmeans, p<0.001, 20/20 seeds"
aodt,aodt_threshold_s,0.8,False,9.5367431640625e-06,25,sca,pso,20,0,0.30345311220970617,0.19648988190180533,0.043936473282334236,0.21149301676391286,0.3954132076554995,20,0,0,1.0,210.0,20,exact,1.9073486328125e-06,9.5367431640625e-07,6.90663336266721,19,1.3823149251678484e-06,6.911574625839242e-07,8.909008909783008,8.605555797573299,"SCA wins by 0.303+/-0.196 Mbps vs pso, p<0.001, 20/20 seeds"
aodt,aodt_threshold_s,1.2,False,0.00017029898507254465,25,sca,random,20,20,0.0663963953264779,0.10361435263401837,0.023168873593429947,0.017903385581883674,0.11488940507107212,17,0,3,0.85,202.0,20,exact,4.76837158203125e-05,2.384185791015625e-05,2.8657584521202653,19,0.009894883846490739,0.004947441923245369,8.88854007456994,8.822143679243462,"SCA wins by 0.066+/-0.104 Mbps vs random, p<0.001, 17/20 seeds"
aodt,aodt_threshold_s,1.2,False,1.9073486328125e-06,25,sca,kmeans,20,20,0.02537436090828482,0.011361924635388883,0.0025406035839959052,0.020056816494265446,0.030691905322304196,20,0,0,1.0,210.0,20,exact,1.9073486328125e-06,9.5367431640625e-07,9.987532517125551,19,5.3698412877397136e-09,2.6849206438698568e-09,8.88854007456994,8.863165713661655,"SCA wins by 0.025+/-0.011 Mbps vs kmeans, p<0.001, 20/20 seeds"
aodt,aodt_threshold_s,1.2,False,0.021484375,25,sca,pso,20,20,0.012300495020383462,0.021614344652938097,0.004833114393307868,0.0021846703374831,0.022416319703283824,16,0,4,0.8,166.0,20,exact,0.021484375,0.0107421875,2.545045289516681,19,0.019765635951470857,0.009882817975735429,8.88854007456994,8.876239579549555,"SCA wins by 0.012+/-0.022 Mbps vs pso, p=0.0215, 16/20 seeds"
aodt,aodt_threshold_s,1.6,False,0.0010967254638671875,25,sca,random,20,20,0.03737908351750692,0.06018133154903095,0.013456954832008592,0.009213353355026887,0.06554481367998695,16,0,4,0.8,193.0,20,exact,0.0003948211669921875,0.00019741058349609375,2.7776777126870758,19,0.011992284539223515,0.005996142269611758,8.924671929540613,8.88729284602311,"SCA wins by 0.037+/-0.060 Mbps vs random, p<0.001, 16/20 seeds"
aodt,aodt_threshold_s,1.6,False,1.9073486328125e-06,25,sca,kmeans,20,20,0.03827228596688483,0.01700290023428975,0.003801964073851898,0.030314683706316625,0.04622988822745304,20,0,0,1.0,210.0,20,exact,1.9073486328125e-06,9.5367431640625e-07,10.066451240321662,19,4.729927792265772e-09,2.364963896132886e-09,8.924671929540613,8.886399643573728,"SCA wins by 0.038+/-0.017 Mbps vs kmeans, p<0.001, 20/20 seeds"
aodt,aodt_threshold_s,1.6,False,0.00013113021850585938,25,sca,pso,20,20,0.03090484035016816,0.023760621089603234,0.005313036394396795,0.01978452737474891,0.042025153325587414,19,0,1,0.95,199.0,20,exact,0.0001049041748046875,5.245208740234375e-05,5.81679440079892,19,1.327518059735807e-05,6.637590298679035e-06,8.924671929540613,8.893767089190446,"SCA wins by 0.031+/-0.024 Mbps vs pso, p<0.001, 19/20 seeds"
aodt,aodt_threshold_s,2.0,False,0.0035810470581054688,25,sca,random,20,20,0.028826016105179608,0.0472057944061021,0.01055553652239236,0.006733024256627029,0.050919007953732186,16,0,4,0.8,186.0,20,exact,0.0014324188232421875,0.0007162094116210938,2.7308906604632104,19,0.01327315122026458,0.00663657561013229,8.938189090488363,8.909363074383183,"SCA wins by 0.029+/-0.047 Mbps vs random, p=0.00143, 16/20 seeds"
aodt,aodt_threshold_s,2.0,False,1.9073486328125e-06,25,sca,kmeans,20,20,0.043896949894684664,0.020448893141673242,0.004572511512941061,0.03432657330904012,0.05346732648032921,20,0,0,1.0,210.0,20,exact,1.9073486328125e-06,9.5367431640625e-07,9.600183568799796,19,1.0113398520969673e-08,5.056699260484836e-09,8.938189090488363,8.89429214059368,"SCA wins by 0.044+/-0.020 Mbps vs kmeans, p<0.001, 20/20 seeds"
aodt,aodt_threshold_s,2.0,False,4.76837158203125e-05,25,sca,pso,20,20,0.03851647930910138,0.026897299686411462,0.00601441905099998,0.025928155562066863,0.051104803056135906,19,0,1,0.95,203.0,20,exact,3.62396240234375e-05,1.811981201171875e-05,6.404023228593871,19,3.848583188859583e-06,1.9242915944297914e-06,8.938189090488363,8.899672611179263,"SCA wins by 0.039+/-0.027 Mbps vs pso, p<0.001, 19/20 seeds"
aodt,aodt_threshold_s,2.4,False,0.010732504037710337,25,sca,random,20,20,0.024618193522520305,0.04193586622708951,0.009377144757910977,0.004991603982543901,0.04424478306249671,16,0,4,0.8,177.0,20,exact,0.005580902099609375,0.0027904510498046875,2.6253400323964606,19,0.01665831872169597,0.008329159360847984,8.945324104250309,8.920705910727792,"SCA wins by 0.025+/-0.042 Mbps vs random, p=0.00558, 16/20 seeds"
aodt,aodt_threshold_s,2.4,False,1.9073486328125e-06,25,sca,kmeans,20,20,0.04697130682532143,0.021912488485970282,0.0048997813810811,0.036715946533376745,0.05722666711726611,20,0,0,1.0,210.0,20,exact,1.9073486328125e-06,9.5367431640625e-07,9.586408692984904,19,1.0346963220489087e-08,5.173481610244543e-09,8.945324104250309,8.898352797424987,"SCA wins by 0.047+/-0.022 Mbps vs kmeans, p<0.001, 20/20 seeds"
aodt,aodt_threshold_s,2.4,False,2.8049244600183822e-05,25,sca,pso,20,20,0.04262287406299929,0.028700089771782122,0.006417535169005124,0.029190818584260307,0.056054929541738276,19,0,1,0.95,205.0,20,exact,1.9073486328125e-05,9.5367431640625e-06,6.641626877068893,19,2.3618288306023545e-06,1.1809144153011773e-06,8.945324104250309,8.902701230187311,"SCA wins by 0.043+/-0.029 Mbps vs pso, p<0.001, 19/20 seeds"
aodt,aodt_threshold_s,2.8,True,,,sca,random,20,20,0.018778429973196075,0.042308832436695115,0.009460542537709834,-0.0010227131259835827,0.038579573072375736,15,0,5,0.75,147.0,20,exact,0.1230926513671875,0.06154632568359375,1.9849210442577718,19,0.061782588798032285,0.030891294399016143,8.946425328822471,8.927646898849275,"SCA wins by 0.019+/-0.042 Mbps vs random, p=0.123 (n.s.), 15/20 seeds"
aodt,aodt_threshold_s,2.8,True,,,sca,kmeans,20,20,0.04558627080300006,0.019470739405162592,0.004353789688212737,0.03647368425773598,0.05469885734826414,20,0,0,1.0,210.0,20,exact,1.9073486328125e-06,9.5367431640625e-07,10.470480677194484,19,2.4969754528046605e-09,1.2484877264023302e-09,8.946425328822471,8.900839058019471,"SCA wins by 0.046+/-0.019 Mbps vs kmeans, p<0.001, 20/20 seeds"
aodt,aodt_threshold_s,2.8,True,,,sca,pso,20,20,0.04187293596548365,0.026026157910099598,0.005819625828012656,0.029692319119797323,0.05405355281116998,19,0,1,0.95,206.0,20,exact,1.33514404296875e-05,6.67572021484375e-06,7.195125116795153,19,7.798785260431058e-07,3.899392630215529e-07,8.946425328822471,8.904552392856989,"SCA wins by 0.042+/-0.026 Mbps vs pso, p<0.001, 19/20 seeds"
aodt,aodt_threshold_s,3.0,False,0.13272666931152344,25,sca,random,20,20,0.01781473044563322,0.041495771995558234,0.00927873669609003,-0.0016058886538042431,0.037235349545070684,15,0,5,0.75,146.0,20,exact,0.13272666931152344,0.06636333465576172,1.9199521474879413,19,0.070005274396201,0.0350026371981005,8.948014587875823,8.930199857430193,"SCA wins by 0.018+/-0.041 Mbps vs random, p=0.133 (n.s.), 15/20 seeds"
aodt,aodt_threshold_s,3.0,False,1.9073486328125e-06,25,sca,kmeans,20,20,0.04626079067372135,0.01974734775072406,0.004415641194594657,0.03701874743779852,0.05550283390964419,20,0,0,1.0,210.0,20,exact,1.9073486328125e-06,9.5367431640625e-07,10.476573760193837,19,2.4733709865109945e-09,1.2366854932554973e-09,8.948014587875823,8.901753797202103,"SCA wins by 0.046+/-0.020 Mbps vs kmeans, p<0.001, 20/20 seeds"
aodt,aodt_threshold_s,3.0,False,2.384185791015625e-05,25,sca,pso,20,20,0.04278172142461534,0.02643570234239208,0.005911202747053911,0.03040943188454706,0.055154010964683614,19,0,1,0.95,207.0,20,exact,9.5367431640625e-06,4.76837158203125e-06,7.237397067109118,19,7.178172576204914e-07,3.589086288102457e-07,8.948014587875823,8.905232866451211,"SCA wins by 0.043+/-0.026 Mbps vs pso, p<0.001, 19/20 seeds"
cpu,uav_cpu_cycles_per_s,50000000.0,False,0.01781463623046875,25,sca,random,20,20,0.023667398404727626,0.04125358565172561,0.009224582183286843,0.004360126003241999,0.042974670806213255,16,0,4,0.8,172.0,20,exact,0.01068878173828125,0.005344390869140625,2.5656878473702984,19,0.01891828189700512,0.00945914094850256,8.946491710557146,8.922824312152418,"SCA wins by 0.024+/-0.041 Mbps vs random, p=0.0107, 16/20 seeds"
cpu,uav_cpu_cycles_per_s,50000000.0,False,1.9073486328125e-06,25,sca,kmeans,20,20,0.04748622266588125,0.022241684757028767,0.004973391905083721,0.03707679377654148,0.057895651555221014,20,0,0,1.0,210.0,20,exact,1.9073486328125e-06,9.5367431640625e-07,9.548055647362435,19,1.1027371351333758e-08,5.513685675666879e-09,8.946491710557146,8.899005487891262,"SCA wins by 0.047+/-0.022 Mbps vs kmeans, p<0.001, 20/20 seeds"
cpu,uav_cpu_cycles_per_s,50000000.0,False,2.8049244600183822e-05,25,sca,pso,20,20,0.0433471140051088,0.029037813054379375,0.006493052390752307,0.02975699916473088,0.05693722884548672,19,0,1,0.95,205.0,20,exact,1.9073486328125e-05,9.5367431640625e-06,6.67592241621917,19,2.202473167479696e-06,1.101236583739848e-06,8.946491710557146,8.903144596552037,"SCA wins by 0.043+/-0.029 Mbps vs pso, p<0.001, 19/20 seeds"
cpu,uav_cpu_cycles_per_s,100000000.0,False,0.06478534025304458,25,sca,random,20,20,0.021311077804288557,0.041125648909779794,0.009195974658105774,0.0020636816411439968,0.04055847396743312,16,0,4,0.8,159.0,20,exact,0.04405403137207031,0.022027015686035156,2.317435464603412,19,0.031794439132096286,0.015897219566048143,8.94758354017146,8.926272462367171,"SCA wins by 0.021+/-0.041 Mbps vs random, p=0.0441, 16/20 seeds"
cpu,uav_cpu_cycles_per_s,100000000.0,False,1.9073486328125e-06,25,sca,kmeans,20,20,0.04723689051355553,0.021850059274154263,0.004885821784940864,0.03701074799212219,0.05746303303498887,20,0,0,1.0,210.0,20,exact,1.9073486328125e-06,9.5367431640625e-07,9.668156677173451,19,9.038736014965492e-09,4.519368007482746e-09,8.94758354017146,8.900346649657903,"SCA wins by 0.047+/-0.022 Mbps vs kmeans, p<0.001, 20/20 seeds"
cpu,uav_cpu_cycles_per_s,100000000.0,False,2.384185791015625e-05,25,sca,pso,20,20,0.04339758279329668,0.02751335438062157,0.006152173068411145,0.030520936574229215,0.056274229012364146,19,0,1,0.95,206.0,20,exact,1.33514404296875e-05,6.67572021484375e-06,7.0540250267219005,19,1.0303757350280638e-06,5.151878675140319e-07,8.94758354017146,8.90418595737816,"SCA wins by 0.043+/-0.028 Mbps vs pso, p<0.001, 19/20 seeds"
cpu,uav_cpu_cycles_per_s,150000000.0,False,0.13272666931152344,25,sca,random,20,20,0.018945326566981537,0.042458654031673725,0.009494043664796795,-0.0009259351970409176,0.03881658833100399,15,0,5,0.75,146.0,20,exact,0.13272666931152344,0.06636333465576172,1.995496043190679,19,0.060529000862094305,0.030264500431047153,8.946148121905548,8.927202795338566,"SCA wins by 0.019+/-0.042 Mbps vs random, p=0.133 (n.s.), 15/20 seeds"
cpu,uav_cpu_cycles_per_s,150000000.0,False,1.9073486328125e-06,25,sca,kmeans,20,20,0.04546817388930187,0.019422743200296914,0.004343057410538571,0.036378050259368404,0.054558297519235334,20,0,0,1.0,210.0,20,exact,1.9073486328125e-06,9.5367431640625e-07,10.469162525683371,19,2.5021128177011455e-09,1.2510564088505727e-09,8.946148121905548,8.900679948016247,"SCA wins by 0.045+/-0.019 Mbps vs kmeans, p<0.001, 20/20 seeds"
cpu,uav_cpu_cycles_per_s,150000000.0,False,2.384185791015625e-05,25,sca,pso,20,20,0.0417141236863662,0.02595423134632414,0.0058035425594136665,0.029567169508731065,0.053861077864001336,19,0,1,0.95,206.0,20,exact,1.33514404296875e-05,6.67572021484375e-06,7.187700143372531,19,7.913405434657163e-07,3.9567027173285817e-07,8.946148121905548,8.904433998219181,"SCA wins by 0.042+/-0.026 Mbps vs pso, p<0.001, 19/20 seeds"
cpu,uav_cpu_cycles_per_s,200000000.0,True,,,sca,random,20,20,0.018778429973196075,0.042308832436695115,0.009460542537709834,-0.0010227131259835827,0.038579573072375736,15,0,5,0.75,147.0,20,exact,0.1230926513671875,0.06154632568359375,1.9849210442577718,19,0.061782588798032285,0.030891294399016143,8.946425328822471,8.927646898849275,"SCA wins by 0.019+/-0.042 Mbps vs random, p=0.123 (n.s.), 15/20 seeds"
cpu,uav_cpu_cycles_per_s,200000000.0,True,,,sca,kmeans,20,20,0.04558627080300006,0.019470739405162592,0.004353789688212737,0.03647368425773598,0.05469885734826414,20,0,0,1.0,210.0,20,exact,1.9073486328125e-06,9.5367431640625e-07,10.470480677194484,19,2.4969754528046605e-09,1.2484877264023302e-09,8.946425328822471,8.900839058019471,"SCA wins by 0.046+/-0.019 Mbps vs kmeans, p<0.001, 20/20 seeds"
cpu,uav_cpu_cycles_per_s,200000000.0,True,,,sca,pso,20,20,0.04187293596548365,0.026026157910099598,0.005819625828012656,0.029692319119797323,0.05405355281116998,19,0,1,0.95,206.0,20,exact,1.33514404296875e-05,6.67572021484375e-06,7.195125116795153,19,7.798785260431058e-07,3.899392630215529e-07,8.946425328822471,8.904552392856989,"SCA wins by 0.042+/-0.026 Mbps vs pso, p<0.001, 19/20 seeds"
cpu,uav_cpu_cycles_per_s,250000000.0,False,0.13272666931152344,25,sca,random,20,20,0.018680194899339052,0.04222241675579919,0.009441219404029312,-0.0010805044162407254,0.03844089421491883,15,0,5,0.75,147.0,20,exact,0.1230926513671875,0.06154632568359375,1.9785786242152936,19,0.0625455207137035,0.03127276035685175,8.946587180542751,8.927906985643412,"SCA wins by 0.019+/-0.042 Mbps vs random, p=0.123 (n.s.), 15/20 seeds"
cpu,uav_cpu_cycles_per_s,250000000.0,False,1.9073486328125e-06,25,sca,kmeans,20,20,0.045654938586796236,0.019498727137042562,0.004360047935314702,0.03652925337980931,0.054780623793783165,20,0,0,1.0,210.0,20,exact,1.9073486328125e-06,9.5367431640625e-07,10.471201065705927,19,2.4941724654294742e-09,1.2470862327147371e-09,8.946587180542751,8.900932241955955,"SCA wins by 0.046+/-0.019 Mbps vs kmeans, p<0.001, 20/20 seeds"
cpu,uav_cpu_cycles_per_s,250000000.0,False,2.384185791015625e-05,25,sca,pso,20,20,0.04196545353192125,0.026067565949182213,0.005828884947033025,0.02976545712740266,0.05416544993643984,19,0,1,0.95,206.0,20,exact,1.33514404296875e-05,6.67572021484375e-06,7.199567998555571,19,7.731023022007013e-07,3.8655115110035066e-07,8.946587180542751,8.90462172701083,"SCA wins by 0.042+/-0.026 Mbps vs pso, p<0.001, 19/20 seeds"
