axis,x_name,x,method,mean_Mbps,std_Mbps,feasible_fraction,mean_max_AoDT_s,n
uavs,num_uav,1.0,random,8.500077041659045,0.2377929555325682,1.0,2.7999999999999994,20
uavs,num_uav,1.0,kmeans,8.565328923832562,0.1349461522496424,1.0,2.7999999999999994,20
uavs,num_uav,1.0,pso,8.597217731459121,0.11742394644517427,1.0,2.7999999999999994,20
uavs,num_uav,1.0,sca,8.758115917432097,0.082097377314511,1.0,2.7999999999999994,20
uavs,num_uav,2.0,random,8.797533595845385,0.10611915221971527,1.0,2.7999999999999994,20
uavs,num_uav,2.0,kmeans,8.79014062520311,0.09843242579752262,1.0,2.7999999999999994,20
uavs,num_uav,2.0,pso,8.84769972948907,0.06195960116668476,1.0,2.7999999999999994,20
uavs,num_uav,2.0,sca,8.885710543045436,0.044364889927631636,1.0,2.7999999999999994,20
uavs,num_uav,3.0,random,8.927646898849277,0.03514471422657701,1.0,2.7999999999999994,20
uavs,num_uav,3.0,kmeans,8.90083905801947,0.02956490132021408,1.0,2.7999999999999994,20
uavs,num_uav,3.0,pso,8.904552392856989,0.033467912461454564,1.0,2.7999999999999994,20
uavs,num_uav,3.0,sca,8.946425328822473,0.025310058842697915,1.0,2.7999999999999994,20
uavs,num_uav,4.0,random,8.966299236804579,0.008725754240325881,1.0,2.7999999999999994,20
uavs,num_uav,4.0,kmeans,8.939118623826891,0.03179784443584924,1.0,2.7999999999999994,20
uavs,num_uav,4.0,pso,8.942248222410273,0.020361315145407184,1.0,2.7999999999999994,20
uavs,num_uav,4.0,sca,8.970568487409304,0.009135223876463601,1.0,2.7999999999999994,20
uavs,num_uav,5.0,random,8.974812489150912,0.006859825275657384,1.0,2.7999999999999994,20
uavs,num_uav,5.0,kmeans,8.963590700785785,0.011597915229777458,1.0,2.7999999999999994,20
uavs,num_uav,5.0,pso,8.962528555252911,0.011181477866380202,1.0,2.7999999999999994,20
uavs,num_uav,5.0,sca,8.977164387769564,0.005381762941495688,1.0,2.7999999999999994,20
iots,num_iot,10.0,random,8.927646898849277,0.03514471422657701,1.0,2.7999999999999994,20
iots,num_iot,10.0,kmeans,8.90083905801947,0.02956490132021408,1.0,2.7999999999999994,20
iots,num_iot,10.0,pso,8.904552392856989,0.033467912461454564,1.0,2.7999999999999994,20
iots,num_iot,10.0,sca,8.946425328822473,0.025310058842697915,1.0,2.7999999999999994,20
iots,num_iot,16.0,random,8.911298445763569,0.036235069940213915,1.0,2.7999999999999994,20
iots,num_iot,16.0,kmeans,8.892501301174399,0.033808660383840644,1.0,2.7999999999999994,20
iots,num_iot,16.0,pso,8.898980840973469,0.03218034096752007,1.0,2.7999999999999994,20
iots,num_iot,16.0,sca,8.941696952020775,0.014854101134707696,1.0,2.7999999999999994,20
iots,num_iot,20.0,random,8.897555656918396,0.03962169763634279,1.0,2.7999999999999994,20
iots,num_iot,20.0,kmeans,8.898261857503648,0.033000166772493136,1.0,2.7999999999999994,20
iots,num_iot,20.0,pso,8.912432427154366,0.02477281518754211,1.0,2.7999999999999994,20
iots,num_iot,20.0,sca,8.934087419488247,0.014832346563714544,1.0,2.7999999999999994,20
iots,num_iot,24.0,random,8.88094610797359,0.0400679108265723,1.0,2.7999999999999994,20
iots,num_iot,24.0,kmeans,8.891253112777127,0.025285624030274033,1.0,2.7999999999999994,20
iots,num_iot,24.0,pso,8.898877531703043,0.023669360852860505,1.0,2.7999999999999994,20
iots,num_iot,24.0,sca,8.925051981219815,0.011228683744326654,1.0,2.7999999999999994,20
iots,num_iot,28.0,random,8.858537890915247,0.04789910085571174,1.0,2.7999999999999994,20
iots,num_iot,28.0,kmeans,8.89392779121129,0.022367086672349518,1.0,2.7999999999999994,20
iots,num_iot,28.0,pso,8.899108090366713,0.021792637375409627,1.0,2.7999999999999994,20
iots,num_iot,28.0,sca,8.918979801278706,0.010809903023059158,1.0,2.7999999999999994,20
iots,num_iot,32.0,random,8.83798172873504,0.06089472784113587,1.0,2.7999999999999994,20
iots,num_iot,32.0,kmeans,8.883096943972545,0.022393700436004006,1.0,2.7999999999999994,20
iots,num_iot,32.0,pso,8.890481417674621,0.018970977891930148,1.0,2.7999999999999994,20
iots,num_iot,32.0,sca,8.906371970778958,0.01731041027095876,1.0,2.7999999999999994,20
lambda,lambda_i_per_s,1.0,random,8.918416255281405,0.0390678946254601,1.0,2.7999999999999994,20
lambda,lambda_i_per_s,1.0,kmeans,8.897532880843666,0.030027896154428302,1.0,2.7999999999999994,20
lambda,lambda_i_per_s,1.0,pso,8.902090225890163,0.033125879589874015,1.0,2.7999999999999994,20
lambda,lambda_i_per_s,1.0,sca,8.943848059848216,0.023723142736080154,1.0,2.7999999999999994,20
lambda,lambda_i_per_s,1.5,random,8.925109829919327,0.03616077977955635,1.0,2.7999999999999994,20
lambda,lambda_i_per_s,1.5,kmeans,8.899930155472394,0.02968701476708644,1.0,2.7999999999999994,20
lambda,lambda_i_per_s,1.5,pso,8.903875941732847,0.03337066149282041,1.0,2.7999999999999994,20
lambda,lambda_i_per_s,1.5,sca,8.94685352597471,0.024805295992647296,1.0,2.7999999999999994,20
lambda,lambda_i_per_s,2.0,random,8.927646898849277,0.03514471422657701,1.0,2.7999999999999994,20
lambda,lambda_i_per_s,2.0,kmeans,8.90083905801947,0.02956490132021408,1.0,2.7999999999999994,20
lambda,lambda_i_per_s,2.0,pso,8.904552392856989,0.033467912461454564,1.0,2.7999999999999994,20
lambda,lambda_i_per_s,2.0,sca,8.946425328822473,0.025310058842697915,1.0,2.7999999999999994,20
lambda,lambda_i_per_s,2.5,random,8.928982132083439,0.03463127417156385,1.0,2.7999999999999994,20
lambda,lambda_i_per_s,2.5,kmeans,8.901317461494331,0.029502234131173085,1.0,2.7999999999999994,20
lambda,lambda_i_per_s,2.5,pso,8.904908316817792,0.03352005630035976,1.0,2.7999999999999994,20
lambda,lambda_i_per_s,2.5,sca,8.94726018057466,0.025265185128149154,1.0,2.7999999999999994,20
lambda,lambda_i_per_s,3.0,random,8.929806029235333,0.03432217758663604,1.0,2.7999999999999994,20
lambda,lambda_i_per_s,3.0,kmeans,8.901612676985435,0.029464122013716197,1.0,2.7999999999999994,20
lambda,lambda_i_per_s,3.0,pso,8.90512790820244,0.03355255849024093,1.0,2.7999999999999994,20
lambda,lambda_i_per_s,3.0,sca,8.947772009825867,0.025243984729686846,1.0,2.7999999999999994,20
lambda,lambda_i_per_s,3.5,random,8.930365128447141,0.03411587925786691,1.0,2.7999999999999994,20
lambda,lambda_i_per_s,3.5,kmeans,8.901813019683201,0.02943850233942449,1.0,2.7999999999999994,20
lambda,lambda_i_per_s,3.5,pso,8.905276910938166,0.03357475588203788,1.0,2.7999999999999994,20
lambda,lambda_i_per_s,3.5,sca,8.94811778052872,0.025232226037298904,1.0,2.7999999999999994,20
aodt,aodt_threshold_s,0.8,random,8.431887178183512,0.271587740140541,0.0,1.0175076885233254,20
aodt,aodt_threshold_s,0.8,kmeans,8.691516422117461,0.09489569423651022,0.0,1.0070584544153944,20
aodt,aodt_threshold_s,0.8,pso,8.605555797573302,0.1932247494673092,0.1,0.9844921411452947,20
aodt,aodt_threshold_s,0.8,sca,8.90900890978301,0.028659818273822968,0.0,10.463750000000001,20
aodt,aodt_threshold_s,1.2,random,8.822143679243462,0.09605377348183541,1.0,1.2,20
aodt,aodt_threshold_s,1.2,kmeans,8.863165713661655,0.03790417588324211,1.0,1.2,20
aodt,aodt_threshold_s,1.2,pso,8.876239579549555,0.03218776893039201,1.0,1.2,20
aodt,aodt_threshold_s,1.2,sca,8.88854007456994,0.03261468487784158,1.0,1.2,20
aodt,aodt_threshold_s,1.6,random,8.887292846023108,0.05541630639595875,1.0,1.6000000000000003,20
aodt,aodt_threshold_s,1.6,kmeans,8.886399643573727,0.03195199003411753,1.0,1.6000000000000003,20
aodt,aodt_threshold_s,1.6,pso,8.893767089190447,0.03223883759709447,1.0,1.6000000000000003,20
aodt,aodt_threshold_s,1.6,sca,8.924671929540613,0.02636779406772005,1.0,1.6000000000000003,20
aodt,aodt_threshold_s,2.0,random,8.909363074383185,0.04342534769698933,1.0,2.0,20
aodt,aodt_threshold_s,2.0,kmeans,8.894292140593679,0.0305307967146444,1.0,2.0,20
aodt,aodt_threshold_s,2.0,pso,8.89967261117926,0.032823352238517796,1.0,2.0,20
aodt,aodt_threshold_s,2.0,sca,8.938189090488363,0.024133089778771565,1.0,2.0,20
aodt,aodt_threshold_s,2.4,random,8.920705910727788,0.03803935725215661,1.0,2.4,20
aodt,aodt_threshold_s,2.4,kmeans,8.898352797424991,0.029908278786086644,1.0,2.4,20
aodt,aodt_threshold_s,2.4,pso,8.90270123018731,0.03320765249918363,1.0,2.4,20
aodt,aodt_threshold_s,2.4,sca,8.945324104250309,0.023579566442966087,1.0,2.4,20
aodt,aodt_threshold_s,2.8,random,8.927646898849277,0.03514471422657701,1.0,2.7999999999999994,20
aodt,aodt_threshold_s,2.8,kmeans,8.90083905801947,0.02956490132021408,1.0,2.7999999999999994,20
aodt,aodt_threshold_s,2.8,pso,8.904552392856989,0.033467912461454564,1.0,2.7999999999999994,20
aodt,aodt_threshold_s,2.8,sca,8.946425328822473,0.025310058842697915,1.0,2.7999999999999994,20
aodt,aodt_threshold_s,3.0,random,8.930199857430189,0.034176566790525185,1.0,3.0,20
aodt,aodt_threshold_s,3.0,kmeans,8.901753797202103,0.029446055032419302,1.0,3.0,20
aodt,aodt_threshold_s,3.0,pso,8.90523286645121,0.03356818242108165,1.0,3.0,20
aodt,aodt_threshold_s,3.0,sca,8.948014587875827,0.025236802554119902,1.0,3.0,20
cpu,uav_cpu_cycles_per_s,50000000.0,random,8.92282431215242,0.03704372058645383,1.0,2.7999999999999994,20
cpu,uav_cpu_cycles_per_s,50000000.0,kmeans,8.899005487891264,0.029872767244938304,1.0,2.7999999999999994,20
cpu,uav_cpu_cycles_per_s,50000000.0,pso,8.903144596552039,0.03342738508269309,1.0,2.7999999999999994,20
cpu,uav_cpu_cycles_per_s,50000000.0,sca,8.946491710557144,0.023517367758642223,1.0,2.7999999999999994,20
cpu,uav_cpu_cycles_per_s,100000000.0,random,8.92627246236717,0.035688772066104435,1.0,2.7999999999999994,20
cpu,uav_cpu_cycles_per_s,100000000.0,kmeans,8.900346649657903,0.02963056376835674,1.0,2.7999999999999994,20
cpu,uav_cpu_cycles_per_s,100000000.0,pso,8.904185957378164,0.033414928383839415,1.0,2.7999999999999994,20
cpu,uav_cpu_cycles_per_s,100000000.0,sca,8.947583540171458,0.02477086811181327,1.0,2.7999999999999994,20
cpu,uav_cpu_cycles_per_s,150000000.0,random,8.927202795338568,0.03531881803919581,1.0,2.7999999999999994,20
cpu,uav_cpu_cycles_per_s,150000000.0,kmeans,8.900679948016245,0.02958599029857004,1.0,2.7999999999999994,20
cpu,uav_cpu_cycles_per_s,150000000.0,pso,8.904433998219181,0.03345071545973026,1.0,2.7999999999999994,20
cpu,uav_cpu_cycles_per_s,150000000.0,sca,8.946148121905546,0.02532558779932327,1.0,2.7999999999999994,20
cpu,uav_cpu_cycles_per_s,200000000.0,random,8.927646898849277,0.03514471422657701,1.0,2.7999999999999994,20
cpu,uav_cpu_cycles_per_s,200000000.0,kmeans,8.90083905801947,0.02956490132021408,1.0,2.7999999999999994,20
cpu,uav_cpu_cycles_per_s,200000000.0,pso,8.904552392856989,0.033467912461454564,1.0,2.7999999999999994,20
cpu,uav_cpu_cycles_per_s,200000000.0,sca,8.946425328822473,0.025310058842697915,1.0,2.7999999999999994,20
cpu,uav_cpu_cycles_per_s,250000000.0,random,8.927906985643414,0.035043514328823855,1.0,2.7999999999999994,20
cpu,uav_cpu_cycles_per_s,250000000.0,kmeans,8.900932241955955,0.02955260747053337,1.0,2.7999999999999994,20
cpu,uav_cpu_cycles_per_s,250000000.0,pso,8.90462172701083,0.03347801777138119,1.0,2.7999999999999994,20
cpu,uav_cpu_cycles_per_s,250000000.0,sca,8.946587180542753,0.02530160152014823,1.0,2.7999999999999994,20
